"V1","V2","V3","V4","V5","V6","V7","V8","V9","V10","V11","V12","V13","V14","V15","V16","V17","V18","V19","V20","V21","V22","V23","V24","V25","V26","V27","V28","V29","V30","V31","V32","V33","V34","V35","V36","V37","V38","V39","V40","V41","V42","V43","V44"
0.982612828062345,0.000160444364849558,3.25680600418377e-06,5.79678938862257e-10,1.55089675058708e-07,2.91402112939871e-12,5.93036071823518e-09,1.88003318306905e-05,0.0127741955981156,0.000382894304571711,8.45842953352491e-05,5.33873345068961e-08,1.24708433431047e-11,9.37644947874299e-11,1.05304957802958e-11,3.5068344874581e-07,5.49944799352658e-05,0.00370285629050661,0.000201143016617555,7.84252559763472e-07,4.00412846245219e-08,1.73332601973067e-06,1.40909368228113e-07,1.72932156314327e-10,3.95637734034409e-13,2.33468157768699e-14,1.05783462445442e-10,2.88714829211537e-10,7.37332821068542e-07,2.29808102512971e-10,2.13544920474328e-17,2.15822538607776e-21,1.72149351006338e-21,5.69915469872218e-18,5.44609486892459e-22,9.47252859384409e-21,8.02273947358805e-19,3.63235635693615e-21,4.01964742100464e-20,2.49748289728563e-20,4.95786492155783e-21,5.2355993859293e-23,5.33452569494901e-22,3.78330128121106e-21
0.000158981783206233,0.97365550827011,0.0122103040697673,1.18049853407343e-06,3.6706412238058e-05,5.10562063751751e-09,4.566378061847e-06,0.0129966140457881,0.000531436377435631,4.80795097493917e-06,0.000398514258289074,4.69882554782895e-08,2.25901106243958e-12,3.23260057554771e-12,2.09765895497088e-14,1.65868484412635e-10,6.31457768784187e-07,6.52886620570262e-07,4.25373171016849e-08,1.33690225760654e-10,6.64725758934727e-12,3.82065255916881e-10,1.63947802621071e-10,7.2542958411449e-13,5.80698382010132e-15,8.77242145402552e-17,3.03692913761481e-13,3.19342662803715e-13,1.20881545113619e-10,4.40473476461579e-14,3.80963365443188e-21,4.48290862973196e-25,5.43900429165709e-25,2.26774863894958e-21,2.04231548824674e-25,1.9512691019434e-24,1.89694228407882e-22,6.94318066367679e-25,9.73536203428389e-24,4.68124623358018e-24,8.26897969237617e-25,8.47130154485543e-27,8.66327064918167e-26,6.17095342223176e-25
3.09881217359045e-06,0.0117248405959973,0.934944417817377,8.91085551484288e-05,0.000788410218623356,3.85388971081664e-07,0.000243611302468364,0.0518958737058853,3.22983775321364e-05,6.75760476001522e-07,0.000277052371310835,9.53805969803431e-08,3.94258358504798e-12,2.40263665449984e-12,3.94410638610872e-15,1.05273692141452e-11,1.14700348626443e-07,1.62806880888101e-08,6.78364592401304e-10,2.49492843616446e-12,1.69414475000469e-13,1.36620419179601e-11,1.76212999870611e-11,1.8897861990046e-13,3.39245344355439e-15,2.64805427028438e-17,6.58713359239241e-14,3.99167857403253e-14,2.91439464381858e-12,1.4857908568872e-15,6.75395133096972e-23,6.97567467007862e-27,7.18788519203284e-27,2.87741346085019e-23,2.60592591315227e-27,3.05336585354944e-26,2.76188756908942e-24,1.14841134482681e-26,1.40139489701634e-25,7.88025164784426e-26,1.64260109263974e-26,1.97116778516318e-28,2.15480548324356e-27,1.57861412782529e-26
5.72364882644245e-10,1.17632686265942e-06,9.24701360539007e-05,0.970214783242754,0.000686843637458961,0.00419423879837,0.0247795128830175,2.98947190938555e-05,1.52908341495982e-08,1.50615260555143e-09,1.03654426403276e-06,2.5863465945465e-08,3.25426907938815e-12,3.61542453614194e-13,6.32617973612094e-17,1.77709658058086e-14,4.70494558079726e-10,4.97532749718361e-12,1.17788904788387e-13,6.02078957371745e-16,7.19632983423306e-17,9.07677088194221e-15,6.90533334292513e-14,4.5866022267556e-15,4.84809203049102e-16,1.27657963383134e-18,1.20686192433263e-15,2.75246010414834e-16,1.06947007001742e-15,1.118049640586e-18,1.78059325422559e-26,1.43507651231203e-30,1.01077161241172e-30,3.6074658349408e-27,3.34382292645434e-31,6.33740761184569e-30,4.83665687994727e-28,2.695582293847e-30,2.40635844642366e-29,1.91009432226607e-29,5.66631478471973e-30,9.6043466048159e-32,1.18996462442376e-30,9.13138149632277e-30
1.53555152668829e-07,3.66775696296604e-05,0.000820408949486154,0.000688737816560211,0.972890443998586,8.722241873754e-06,0.0218716764763855,0.00270838040694816,7.6022193772768e-06,1.72094191723065e-06,0.000943499796404472,2.13485360553542e-05,1.31007205723703e-09,2.911486540936e-10,8.25610517787695e-14,2.22816367524358e-11,6.23043129627918e-07,2.67088429161508e-09,3.99824376888452e-11,3.1909570843969e-13,5.81385900471142e-14,8.63543437774389e-12,9.62201737336767e-11,5.7150131921964e-12,3.72233306383367e-13,1.31499768135604e-15,1.56257740627184e-12,3.88137845923274e-13,7.69093856354481e-13,1.19887822056708e-15,1.21106357769551e-23,8.16021485266047e-28,3.58802985852421e-28,1.00124186489906e-24,1.00955439338489e-28,3.61788685054212e-27,2.27350796796951e-25,1.7212295001381e-27,1.11721745594384e-26,1.24506124981114e-26,4.72043750388055e-27,9.58887680170251e-29,1.24417794541913e-27,9.67953407513748e-27
2.95166726174692e-12,5.21915684812553e-09,4.10270811591443e-07,0.00430271318187844,8.92321422710517e-06,0.995307167234799,0.000380621210195843,1.49018929619497e-07,9.60789209155478e-11,1.59190833122303e-11,9.05855452792582e-09,1.46941096551039e-09,6.21419164660404e-13,3.13552940754095e-14,2.36001681818854e-18,2.22425604179199e-16,6.39985288117912e-12,3.09589688164822e-14,6.22181155650232e-16,3.65161481348403e-18,5.49357702312023e-19,7.93427950454151e-17,1.18990460612688e-15,1.89169271284566e-16,5.09888733249164e-17,8.80168937227463e-20,4.50561185717896e-17,6.75699920223654e-18,7.57816673331662e-18,1.11159039646386e-20,1.19983142635205e-28,8.7549231317952e-33,5.19012044474755e-33,1.75523621873644e-29,1.64928903125278e-33,3.87571141206165e-32,2.72699863943783e-30,1.74616819909562e-32,1.34854464933653e-31,1.25253393316789e-31,4.38530643022456e-32,8.8262899630103e-34,1.15457329060906e-32,9.01167443923597e-32
5.75375050297803e-09,4.4711463436189e-06,0.000248407089167421,0.0243487809161215,0.0214323839383763,0.000364576103794109,0.95334994316819,0.000227482075453631,2.24526304450442e-07,3.81850384005813e-08,2.26858456534173e-05,9.87238236298757e-07,1.06885175311229e-10,1.36016053959971e-11,2.37838467408422e-15,4.91335886626278e-13,1.38150890261567e-08,7.35217068208948e-11,1.29971607940932e-12,8.65635901405009e-15,1.37595893544906e-15,1.96784777245686e-13,2.20556216026523e-12,1.7441801429324e-13,1.80318800010885e-14,4.90322685392143e-17,4.54590443151054e-14,9.67930568448718e-15,1.88703722103095e-14,2.66472422403909e-17,2.97745877017548e-25,2.11240463494547e-29,1.09195323915612e-29,3.35902862323538e-26,3.2610456212978e-30,9.35821773026147e-29,6.28140344485176e-27,4.29998480827299e-29,3.09568218502777e-28,3.09307051119866e-28,1.09718127507814e-28,2.14701568998092e-30,2.76733869665835e-29,2.1494014692555e-28
1.77541238352204e-05,0.0123862846563106,0.0515066370063784,2.85918823939725e-05,0.00258322291958764,1.38931417807514e-07,0.000221417017503538,0.927932016764529,0.00035698232173576,1.08947405596271e-05,0.00495266615497435,1.29816176681454e-06,5.36770255694966e-11,3.97771235144644e-11,6.97300230278571e-14,1.49273597698083e-10,1.9583720044122e-06,1.32573096548216e-07,3.64435696123654e-09,1.71009636774527e-11,1.55510533000924e-12,1.51348803572216e-10,2.86214780093786e-10,3.3777333846614e-12,5.76427929680093e-14,4.72534598784177e-16,1.17186914795499e-12,6.74287983589758e-13,2.52332587511454e-11,1.66231321850066e-14,4.74594982405654e-22,4.18509927924534e-26,3.1333541227919e-26,1.09208894910254e-22,1.02184365910385e-26,1.84388259897813e-25,1.473841884446e-23,7.50169216146433e-26,7.35532096635256e-25,5.25301811368343e-25,1.31724564806173e-25,1.82298353673715e-27,2.09083952840826e-26,1.55959462913082e-25
0.0126462500538717,0.000530953620532265,3.36051274118288e-05,1.53311214035415e-08,7.60128634339203e-06,9.39034650234373e-11,2.29100225078999e-07,0.000374232225958379,0.972771039426661,0.00662434375259411,0.00589488405579508,3.22698726371429e-06,4.31981195917955e-10,1.73713691219903e-09,3.41618861624215e-11,2.78866646833189e-07,0.000794779762162268,0.000312710640186782,5.03662291474398e-06,3.69683730685728e-08,4.1877781085431e-09,4.03007507703081e-07,2.98512179729596e-07,9.82613765634008e-10,4.53880342272966e-12,1.16786266488711e-13,4.57968490832623e-10,5.75954947107998e-10,6.61022189986193e-08,4.38771195684889e-11,1.13270937581453e-18,8.82726171636456e-23,4.56852043921063e-23,1.26818137689789e-19,1.29050138822266e-23,3.90539354763925e-22,2.71956042957239e-20,1.70648441688853e-22,1.34080487269684e-21,1.21250256164413e-21,3.42849283255358e-22,4.95514437017423e-24,5.69729288150981e-23,4.24672617816435e-22
0.000345244709827036,4.37507257193353e-06,6.4037969051508e-07,1.37540831491285e-09,1.56723034163868e-06,1.41707057438548e-11,3.54871761667925e-08,1.04023458520511e-05,0.00603340923979153,0.885993540896797,0.00122465393841522,5.63101512973316e-05,2.83203876992067e-08,1.92863782629174e-07,3.85129645408264e-09,1.01018647897122e-05,0.106027916208281,0.000261774584025095,1.99366594698834e-06,6.32953687336455e-08,2.40937748422113e-08,4.12761885267666e-06,2.30992038080162e-05,1.26742029111152e-07,5.85995585859738e-10,1.50675049791204e-11,5.56613787050529e-08,5.06109365305393e-08,2.59355758817621e-07,6.17179848863095e-10,4.69380246698893e-18,2.68795487017831e-22,6.46118798327619e-23,1.15655512181418e-19,1.45420644267034e-23,1.1906725463087e-21,5.76040819499872e-20,6.4194766891009e-22,2.83618893084009e-21,4.71755854647124e-21,2.21900681752159e-21,4.91001761848399e-23,6.40473955073594e-22,4.98293688589632e-21
8.48085350032461e-05,0.000403246674489003,0.000291949902061906,1.05257298695518e-06,0.000955454759841222,8.96672863448857e-09,2.34441711460639e-05,0.00525841853408305,0.00597031011316525,0.00136180549699351,0.985217812515558,0.000108850929600316,5.58069409378518e-09,6.65212309115511e-09,1.33618985665302e-11,1.55275881909533e-08,0.000320102614809522,2.62029940306578e-06,3.28133308815076e-08,3.22056261290505e-10,5.97044159492483e-11,8.38062887888212e-09,4.27385375141812e-08,6.69454159746591e-10,1.03485564198437e-11,9.38514301291895e-14,2.28525084554142e-10,1.14136636568219e-10,8.02484657631775e-10,1.06197771315777e-12,1.26301097975408e-20,8.48281500984273e-25,3.39079398242064e-25,8.58743816781969e-22,9.0531912491535e-26,3.7613799898538e-24,2.29755240374407e-22,1.79732128490959e-24,1.12787162993917e-23,1.29984873285867e-23,4.7620340152491e-24,8.92770185085463e-26,1.12221765250686e-24,8.63827561567868e-24
5.43102824243672e-08,4.82403276457416e-08,1.01976592463791e-07,2.66468016280139e-08,2.19346351129324e-05,1.47574866020635e-09,1.0351323349599e-06,1.39842412380486e-06,3.31598739715584e-06,6.35305172171576e-05,0.000110439934333733,0.999600011852601,4.11116877781715e-05,1.33574446448573e-05,1.57535847304027e-09,1.86682235203334e-08,0.000143168540141347,1.92619543442877e-08,1.45301817398225e-10,7.65414107095635e-12,7.3327697955733e-12,1.46297897272221e-09,2.43652995457697e-07,1.27997103511372e-07,1.72053544794556e-08,4.86944448777936e-11,2.98463533013321e-08,3.26501080441254e-09,4.95544639056417e-11,6.91231444938786e-13,2.03113059044438e-21,9.46421906365063e-26,1.15776126442443e-26,1.46553808120618e-23,2.22567538679732e-27,4.13561238629945e-25,1.36168346878155e-23,2.80750135601223e-25,6.88957087143764e-25,2.09356333023272e-24,1.84926292362805e-24,7.98417068254748e-26,1.2252707589637e-24,9.87964480414737e-24
1.26188997351557e-11,2.30685941261728e-12,4.19279097549006e-12,3.3349833306606e-12,1.33887287008237e-09,6.20776984397421e-13,1.11473907405998e-10,5.75149011818905e-11,4.41532122785078e-10,3.17816714804335e-08,5.63201830394999e-09,4.08928283301634e-05,0.994278607681518,0.00562194557120382,1.03507525668887e-07,2.28520356261562e-09,1.85939680676922e-07,2.77078218668144e-11,2.66411059051984e-13,8.53589097119583e-14,3.9739401924446e-13,4.83263057152428e-11,6.96766241153087e-08,5.13469879507355e-06,5.18699352930006e-05,4.97275590377183e-08,1.07307699562571e-06,2.56069766221197e-08,1.07100371662355e-12,2.82621966296536e-13,7.39248045842867e-22,3.25104629061683e-26,1.13731412531598e-27,5.52650626047836e-25,1.57969287668402e-28,1.33911808725523e-25,2.00546556066362e-24,1.35430793531573e-25,1.1508155021976e-25,9.81589022328748e-25,2.29897586145702e-24,2.75736524751907e-25,4.85796933736145e-24,3.84685074209294e-23
9.4659421498596e-11,3.29347657168231e-12,2.54923670512524e-12,3.69657286272638e-13,2.96864801038667e-10,3.12508334601309e-14,1.41529080051649e-11,4.2523115095079e-11,1.77145968725335e-09,2.15937456786958e-07,6.69785712643414e-09,1.32557708558512e-05,0.00560901238312905,0.991991287025528,1.61011374631511e-05,2.09946391931247e-07,1.66518535556139e-06,5.90288320845535e-10,7.73382935193563e-12,5.33161646741829e-12,3.86724888048603e-11,3.55239885901386e-09,6.64215431578588e-06,0.000901364516026475,0.00126659916365835,2.70764849488233e-06,0.000186441856214426,4.48403716077662e-06,7.79638772215592e-11,4.17997597925659e-11,1.1919129145341e-19,5.313035799228e-24,1.60015515397467e-25,6.36531618478617e-23,2.11572774027813e-26,2.17144755496697e-23,2.94154225759454e-22,2.27234922914374e-23,1.73012648595322e-23,1.6390463354645e-22,4.03436187624702e-22,4.8119969152964e-23,8.44718211381784e-22,6.70327393448549e-21
9.89553225892131e-12,1.98930935670203e-14,3.89525234719202e-15,6.02069197810629e-17,7.83581275225468e-14,2.18942834603234e-18,2.30357588103959e-15,6.93867297087999e-14,3.24267914583218e-11,4.01373932989119e-09,1.25230087912436e-11,1.45521080454906e-09,9.61250550508233e-08,1.49872333823691e-05,0.923363642224236,8.4406406847598e-06,2.89704161132456e-08,5.95020338983578e-10,3.6810619361793e-11,3.42845407564556e-10,1.26513273343143e-08,1.57529940234552e-07,6.59272387450963e-05,0.0110805269692166,0.000147027286526482,0.00127982254488279,0.0481449211217788,0.0158942489622492,6.48189268162751e-09,1.47521019240069e-07,1.47283230449685e-15,7.89546461075776e-20,1.05078224449933e-21,1.56396639599579e-19,1.12043132157435e-22,3.02950471384989e-19,2.20831463404252e-18,4.06116394235735e-19,1.53232278387017e-19,2.78321710689938e-18,1.15117019013449e-17,2.09195578974032e-18,3.76414511322646e-17,2.93023272431438e-16
3.41023032756655e-07,1.62783141016269e-10,1.07593227346099e-11,1.75022553807675e-14,2.18843688088255e-11,2.1353964699522e-16,4.92466863602253e-13,1.53715518173295e-10,2.73928244928105e-07,1.08948653838458e-05,1.50599185261168e-08,1.78454544678882e-08,2.19617867362044e-09,2.02232723563615e-07,8.73481106976374e-06,0.955544402936178,3.31831648599092e-05,4.53362122913705e-05,4.16718040463143e-06,1.87263921854367e-05,0.000166167946646935,0.0131288859011842,0.0301956203118401,2.3131214993426e-05,1.59742638172672e-08,1.22878288637182e-08,3.37263394928369e-05,0.000432492458435791,0.000318887984973022,3.47613826617709e-05,9.89975504996297e-14,4.43632410533772e-18,3.34026798687337e-19,2.22253647933644e-16,5.26390582201711e-20,1.92091883144655e-17,4.93291694438099e-16,1.39656755830603e-17,2.60110523706967e-17,1.04145240347075e-16,9.15166234405353e-17,3.10283763649808e-18,4.39945917548239e-17,3.49542444319124e-16
4.99130364461125e-05,5.78384048143958e-07,1.09409810537159e-07,4.3247801782937e-10,5.71125425629452e-07,5.73442900279885e-12,1.29234558621197e-08,1.88215919416809e-06,0.000728640804260775,0.106725203461655,0.000289757234225913,0.000127731691963694,1.66778977270567e-07,1.49703531765117e-06,2.79807456796448e-08,3.09702173127904e-05,0.891820232816545,9.52400596851635e-05,7.37877262565657e-07,4.68840796467428e-08,3.18619299854727e-08,6.22339423061182e-06,0.00011840153971815,1.01667907669073e-06,4.89751395737817e-09,1.21531065863775e-10,4.2529177302777e-07,3.0661321314414e-07,2.67920492783482e-07,1.36189712065186e-09,6.68495176991355e-18,3.45734592844095e-22,5.97617059752086e-23,8.65709603275743e-20,1.22585271262992e-23,1.52534485241652e-21,6.20352073976818e-20,9.04658921782397e-22,3.08551664260739e-21,6.70679494298027e-21,3.98129039066983e-21,1.08306928546698e-22,1.48898217153986e-21,1.17552978063174e-20
0.00372064335422839,6.62058031417898e-07,1.71929570287609e-08,5.06311043370991e-12,2.71053332341622e-09,3.07109301307714e-14,7.61424506289141e-11,1.41059667371782e-07,0.000317391754949703,0.000291716192861448,2.62592475516641e-06,1.90255714999916e-08,2.75142643834013e-11,5.87516337167383e-10,6.36242470294419e-10,4.68444317376293e-05,0.000105440134820019,0.987332913211584,0.00743875494796883,0.000116212928516573,9.95140153122204e-06,0.000432080634134845,8.34597150153699e-06,5.22916329021404e-09,6.1235501104761e-12,1.0468093590891e-12,4.41899300051011e-09,2.47061480534698e-08,0.000176140108993254,6.12616692940809e-08,3.49213887502738e-15,2.78669934329487e-19,1.27574335869098e-19,3.02176834352939e-16,3.32546065782735e-20,1.23299079021371e-18,8.36744465986989e-17,5.34925500204664e-19,4.11571594827418e-18,3.786427267784e-18,9.67321352429133e-19,1.18695050523833e-20,1.2653716005147e-19,9.1284713547583e-19
0.000202452353383068,4.32080900737166e-08,7.17592149156033e-10,1.20070631829972e-13,4.06448599483314e-11,6.18244158768505e-16,1.34833077381225e-12,3.88423099528147e-09,5.12069730288028e-06,2.22547200302283e-06,3.29396031575336e-08,1.43762326975681e-10,2.64999133257513e-13,7.71057964413318e-12,3.9427628399245e-11,4.31312186677444e-06,8.18289741928731e-07,0.00745138387208078,0.989009128185916,0.00240995503657607,4.24726402057971e-05,0.000171010092512934,3.19613134222834e-07,1.60540380467e-10,1.37603694030032e-13,5.5627214415711e-14,1.78658893615755e-10,2.02183966633899e-09,0.00070058327555668,1.34005575494581e-07,8.6807744991343e-14,1.01539382310172e-17,8.22384679574276e-18,2.47667969182636e-14,2.4679436528128e-18,4.4388462848228e-17,3.92821407527547e-15,1.61368398544985e-17,1.97238230306355e-16,1.08794888390394e-16,1.71186583577573e-17,1.39552424624901e-19,1.24457564044153e-18,8.27016894904631e-18
7.48625443933165e-07,1.28790965765062e-10,2.50301451626911e-12,5.82071894138177e-16,3.07643748225271e-13,3.44127117771168e-18,8.51675165095434e-15,1.72860391894281e-11,3.56459976317203e-08,6.70088935235741e-08,3.06612996924004e-10,7.18226256901209e-12,8.05252036881077e-14,5.04129499639352e-12,3.48270456121856e-10,1.83820655256999e-05,4.9310470040007e-08,0.000110403260387976,0.00228559726757784,0.9379745790622,0.00874839637673684,0.00131643288692846,6.51425705448287e-07,4.6262926918291e-10,3.15391026283042e-13,5.16069673777857e-13,7.85898015576208e-10,2.02142824713535e-08,0.0495170040628318,2.76306937905582e-05,2.53414653564358e-11,2.22957207450948e-15,9.1338312128187e-16,1.68718245781496e-12,2.14674591703771e-16,9.85483382236719e-15,6.6785532883259e-13,4.11435894600436e-15,3.28021215967486e-14,2.87419698343467e-14,5.79179694513862e-15,5.2407663288543e-17,4.7913313064575e-16,3.20580446864365e-15
3.80657619885295e-08,6.37743643310531e-12,1.69267537601712e-13,6.92870590631977e-17,5.58225295986146e-14,5.15593034552998e-19,1.34822409034361e-15,1.56549831809675e-12,4.02144362370468e-09,2.54028969708185e-08,5.66086964274594e-11,6.85252696959509e-12,3.7335518439899e-13,3.64169206514463e-11,1.27988891480563e-08,0.000162444621068199,3.33736504591498e-08,9.41520088020582e-06,4.01160268898578e-05,0.00871257117172188,0.934133517209644,0.00466055016207434,5.24786353961926e-06,8.0633611717493e-09,5.90204599731464e-12,2.24463413559518e-11,1.78906855227932e-08,6.90201557770854e-07,0.0494977458621537,0.00277756174157364,1.8197942745562e-10,1.00420488625838e-14,1.4177843925506e-15,1.20710020444686e-12,2.47990433050948e-16,4.43748624762819e-14,1.7295002763972e-12,2.48622634151816e-14,8.70264009294586e-14,1.82867170645066e-13,7.33736109187346e-14,1.08151743975858e-15,1.18237356697069e-14,8.56427176538462e-14
1.69087667940319e-06,3.76137235391995e-10,1.40069612779401e-11,8.96762817497504e-15,8.5081347214053e-12,7.64125110415982e-17,1.97857839267867e-13,1.56342459605422e-10,3.97115292504308e-07,4.46563413746442e-06,8.15377008735264e-09,1.40289749253229e-09,4.65896672808922e-11,3.43263773024461e-09,1.63532639180453e-07,0.0131701617426007,6.6890447191543e-06,0.00041948389752963,0.000165743135098086,0.00134530811662828,0.00478236081358701,0.958548534401622,0.000472201080105691,3.20178037543699e-07,2.20326587522786e-10,2.27282584618999e-10,4.94500833421793e-07,9.19368213263217e-06,0.0209685747019308,0.000104203506680951,1.01995160434241e-12,5.32098699886167e-17,7.46487048401742e-18,7.48112455924023e-15,1.3581670419039e-18,2.34647225527923e-16,8.8592208164204e-15,1.38136998816574e-16,4.4554217953077e-16,1.02210911878523e-15,5.13587596512382e-16,1.01415505153308e-17,1.24285320911445e-16,9.44342982516584e-16
1.38517003115685e-07,1.6264695002071e-10,1.82052983431254e-11,6.87483705535426e-14,9.55317751343885e-11,1.15478374727277e-15,2.23466592011243e-12,2.97935014321831e-10,2.96412880403968e-07,2.51832689462535e-05,4.19018357610939e-08,2.35445910214103e-07,6.76900217695274e-08,6.46765361071489e-06,6.89664330783954e-05,0.0305238092902462,0.000128240640284323,8.16505155746215e-06,3.12154763452454e-07,6.70840806338403e-07,5.42649274989404e-06,0.000475837338033022,0.965929986612974,0.000483578960055156,3.75359801933493e-07,1.2104894529222e-07,0.000499693955407736,0.00182941605672991,1.07537976178149e-05,2.21450011210704e-06,5.18884368420713e-15,2.25269784412111e-19,1.31318902806247e-20,7.6169277221511e-18,1.97011894020806e-21,9.63241086618335e-19,2.08081062083369e-17,7.74147899739272e-19,1.12583161684672e-18,5.75405674172379e-18,6.73333543486029e-18,3.16391156658806e-19,4.82716615727334e-18,3.88799797645145e-17
1.44300672160257e-10,6.10892740858678e-13,1.65730296347907e-13,3.87612895072517e-15,4.81646408730062e-12,1.55836249048699e-16,1.50007861447856e-13,2.9845869353486e-12,8.2822290720788e-10,1.17291118252382e-07,5.57139071549454e-10,1.04990237032813e-07,4.23430272519653e-06,0.000745019476685815,0.00983926532580659,1.98482672560749e-05,9.34720121377585e-07,4.3425378837579e-09,1.33094164637078e-10,4.04405510161327e-10,7.07753759240934e-09,2.73875042358443e-07,0.000410484511795602,0.819926696021545,0.000558395103930901,9.73819788863337e-05,0.164788185804571,0.00360901630121388,7.28771560061504e-09,2.12453800665012e-08,8.25988866890059e-17,3.84399062178524e-21,8.53631463571119e-23,2.27319145481211e-20,1.03014580192708e-23,1.54179345970604e-20,1.68020979998071e-19,1.7450245628605e-20,1.0455966308535e-20,1.24241405502406e-19,3.50189571834676e-19,4.37557057129759e-20,7.67095915432903e-19,6.09232452911462e-18
4.0128896096054e-13,5.94411533421414e-15,3.61634653599719e-15,4.98017844548346e-16,3.81323200075184e-13,5.10575793415671e-17,1.88508353518274e-14,6.19114239188608e-14,4.65021119874702e-12,6.59182585453672e-10,1.04686204237183e-11,1.71545491596035e-08,5.19935591356801e-05,0.00127254537231032,0.000158696412344319,1.66614163201738e-08,5.47318714189026e-09,6.18132528049271e-12,1.38666556074245e-13,3.35119886815001e-13,6.29702723141648e-12,2.29083989203794e-10,3.87296925381091e-07,0.000678747919647816,0.996648314554704,0.000862620921771049,0.000320491392277916,6.16232645106907e-06,6.03378368999845e-12,3.203487346331e-11,2.5437034110447e-19,1.39894813608077e-23,1.82566242515047e-25,3.16407363777321e-23,1.97968528904401e-26,5.31870615894346e-23,3.82069600338115e-22,7.41614488915831e-23,2.63442879358722e-23,5.01800358032734e-22,2.44712173383267e-21,6.28937258828929e-22,1.15409402477678e-20,8.6679130125777e-20
2.36979051848478e-14,8.98625822020084e-17,2.82491782622491e-17,1.31233512956326e-18,1.34811139648204e-15,8.8201025915048e-20,5.12972841306068e-17,5.07904644180243e-16,1.1974182495618e-13,1.69619398403165e-11,9.50108865173692e-14,4.85867553115709e-11,4.9883139265344e-08,2.72238257859902e-06,0.00138242543877142,1.28259343278325e-08,1.35917293053617e-10,1.05747160066772e-12,5.60985638784907e-14,5.48759436395736e-13,2.39663191765484e-11,2.36492178904933e-10,1.24991388278752e-07,0.000118459064712099,0.000863262312339184,0.997389359447738,0.000219161027396427,2.44216083232194e-05,1.03083510481447e-11,5.43543421070958e-10,2.41991968054556e-17,1.83743543975396e-21,1.2364141411137e-23,9.29560841075973e-22,1.15183321470626e-24,6.47784985680279e-21,2.62501313682521e-20,1.13715929214456e-20,2.16193211584396e-21,7.1362217293702e-20,5.83364203628265e-19,2.60874241355455e-19,4.80565265762848e-18,3.41104635789101e-17
8.46848427082301e-11,2.45357687665097e-13,5.54218495689838e-14,9.78498208546661e-16,1.26342055872298e-12,3.56095906587181e-17,3.75092424515281e-14,9.93420911930066e-13,3.70335463958565e-10,4.94189757900797e-08,1.82461802104307e-10,2.34874224815222e-08,8.48971528843048e-07,0.000147844746608492,0.0410155034057391,2.77644241998431e-05,3.75128445559282e-07,3.52070823243603e-09,1.42100196012946e-10,6.59091120383146e-10,1.50656669896106e-08,4.05810478818146e-07,0.000406938503956771,0.158096182194592,0.000252955874644837,0.000172849820863772,0.786629694887005,0.0132484633226632,1.22740479287294e-08,6.77011822518451e-08,3.17423728090965e-16,1.5157591426428e-20,2.97125347669497e-22,6.8005371346688e-20,3.46929452486945e-23,6.02331810824613e-20,5.97372244230333e-19,7.07718947476394e-20,3.81149960179745e-20,5.00224799175213e-19,1.52375218845831e-18,2.02128721649113e-19,3.55754744641818e-18,2.81931949241558e-17
2.82290579318973e-10,3.15109386869807e-13,4.10184734395103e-14,2.72560469434514e-16,3.83293784831298e-13,6.52238543822298e-18,9.75442298461601e-15,6.98134313376166e-13,5.68836694166671e-10,5.48811927572984e-08,1.11301889911726e-10,3.13810950035153e-09,2.47434317373211e-08,4.34281239782582e-06,0.0165377706543654,0.000434847912348959,3.30311176501661e-07,2.40409236099914e-08,1.96406626495440e-09,2.07050834570932e-08,7.0986653619443e-07,9.21478273968182e-06,0.00181960265327091,0.0042288622654111,5.94035621482509e-06,2.3524437871288e-05,0.0161809827349448,0.960748518659359,3.91615203063863e-07,4.83050145327171e-06,2.19559709232745e-14,1.02307502475492e-18,2.1495825728116e-20,4.78628269093353e-18,2.51584664034379e-21,4.10424659392093e-18,4.30375097785012e-17,4.61448329949701e-18,2.72220837040486e-18,3.2935037383456e-17,8.62518883414376e-17,8.93563566598258e-18,1.52698884914559e-16,1.22520127003455e-15
6.64595416948775e-07,1.09959025639759e-10,2.76082432367429e-12,9.76285755360181e-16,7.00150833162207e-13,6.74346690266748e-18,1.75309046226362e-14,2.40842644379028e-11,6.01840779693381e-08,2.5926359891407e-07,7.2140755854169e-10,4.39068959288903e-11,9.54023533584929e-13,6.9608420099508e-11,6.21734936190906e-09,0.000295572135060951,2.66075457620733e-07,0.000158005007744668,0.000627387224649215,0.046756231229105,0.0469302288373762,0.0193745225581036,9.86035192923741e-06,7.87213611519578e-09,5.36196537924806e-12,9.15378430410113e-12,1.38195430615679e-08,3.61015646989016e-07,0.885678710489145,0.000167842121319604,1.39364648040542e-11,8.89277945230286e-16,1.97547668533998e-16,2.5206902118126e-13,3.96607423532904e-17,3.94321754798145e-15,1.9508365251565e-13,1.97554876229724e-15,9.62516634222923e-15,1.43258433791752e-14,4.59208220339751e-15,5.96826644635544e-17,6.31572152114528e-16,4.52017701153344e-15
2.33094756914075e-10,4.50883180096849e-14,1.58387712335897e-15,1.14853119696842e-18,1.22817635093311e-15,1.11310786705635e-20,2.78579736035249e-17,1.78544425958441e-14,4.49549039772599e-11,6.9427380493721e-10,1.07431773472077e-12,6.89202479931706e-13,2.83300548726939e-13,4.19967348228774e-11,1.59232140005573e-07,3.62573256407667e-05,1.52200674919333e-09,6.18407587485646e-08,1.35043027515032e-07,2.93596124952783e-05,0.00296349612730479,0.000108347232903975,2.28496554412633e-06,2.58249253905473e-08,3.20354385625986e-11,5.43149157754143e-10,8.57779205107969e-08,5.01108871200031e-06,0.000188874945481265,0.996665895559172,2.28672718464752e-09,9.85647189902573e-14,3.78014320494323e-15,9.82502494051126e-13,4.7681394648539e-16,4.17643350654107e-13,7.00562628196343e-12,3.48165246774523e-13,4.05832822800698e-13,2.58632684298103e-12,2.62390597948274e-12,7.81770699903116e-14,1.03427764708356e-12,8.03733578298455e-12
2.16810813345116e-17,3.90348048307135e-21,7.20686283813606e-23,1.83092670347167e-26,1.24187283745213e-23,1.20264437473628e-28,3.11578537257107e-25,5.10247758503235e-22,1.16166789102688e-18,5.28528457408108e-18,1.27893653414578e-20,2.02714921336459e-21,7.41747707022013e-22,1.19870078733311e-19,1.59130949436803e-15,1.03358857179231e-13,7.47816563287319e-18,3.52859662549298e-15,8.7565351928003e-14,2.69534758470742e-11,1.94351305402066e-10,1.0615478637503e-12,5.35918885645414e-15,1.00501672614371e-16,2.54623602550157e-19,2.4205292978107e-17,4.02571637395247e-16,2.27990654969653e-14,1.5698224645887e-11,2.28896356552171e-09,0.997640618106642,4.29586474850108e-05,4.41033997444828e-07,1.80199201623205e-06,3.4722997342426e-08,0.000180207839408156,0.000777411792009507,0.000135007881004902,8.71160120661215e-05,0.000999639878607688,0.000129418826075856,3.76331692252198e-07,1.21364883829013e-06,3.75075990616475e-06
1.61179793997184e-21,3.37870902134172e-25,5.47515797287616e-27,1.08543394208676e-30,6.15508259708032e-28,6.45492848782767e-33,1.62600170271535e-29,3.30967869667874e-26,6.65903963280405e-23,2.22632030014039e-22,6.31835422895211e-25,6.94791922616223e-26,2.39944769430861e-26,3.93034898297664e-24,6.27481824348306e-20,3.4069724625663e-18,2.8448655344718e-22,2.07120330255878e-19,7.53408380055512e-18,1.7443220759049e-15,7.88877563566759e-15,4.07356189600945e-17,1.71140786733084e-19,3.44035708724753e-21,1.0300443082108e-23,1.35189694700819e-21,1.4140217477853e-20,7.81437032386025e-19,7.36813450856764e-16,7.25718375594249e-14,3.15989539568586e-05,0.733831295969996,0.000254834915667654,1.37932070817959e-06,1.79872742266995e-05,0.165459542707065,0.00102341200532578,0.0724392112231434,0.00861934507881785,0.0180836226712547,0.000235532805138492,1.33895172794593e-06,5.30389089566222e-07,3.67733799685691e-07
1.6366130730407e-21,5.21839719532496e-25,7.18188413733274e-27,9.73213678366434e-31,3.44520577509894e-28,4.87128299811777e-33,1.06997776217396e-29,3.15439718518056e-26,4.38720567959333e-23,6.81247429555881e-23,3.21508311274312e-25,1.08197149258832e-26,1.06855134011264e-27,1.50687522578958e-25,1.06307281239395e-21,3.26552861742956e-19,6.25991910809688e-23,1.20704304286755e-19,7.76779520214028e-18,9.09672297643374e-16,1.41783042586989e-15,7.27497031114673e-18,1.2700027242612e-20,9.72564566926919e-23,1.71120324963763e-25,1.15803660802008e-23,3.52851868748983e-22,2.09010192252094e-20,2.08362115788468e-16,3.54308613820305e-15,4.12972375306327e-07,0.000324403669490077,0.93416384711501,0.000145633923579694,0.0603291244890198,0.000258445806449156,0.000437483933776523,3.48152995326898e-05,0.00428778042620323,1.79341105946449e-05,1.1721631000587e-07,6.06451694276499e-10,2.40973621609055e-10,1.90227280871152e-10
5.79454390354163e-18,2.32691667294168e-21,3.07473519906784e-23,3.71471569413323e-27,1.02817325898031e-24,1.76185304763687e-29,3.52008054720211e-26,1.17579902168706e-22,1.30245275975343e-19,1.3041484275014e-19,8.70808399547521e-22,1.4647452450232e-23,5.55307849522154e-25,6.41066917095995e-23,1.69217739402319e-19,2.32374927127152e-16,9.69808878594409e-20,3.0576571993933e-16,2.50184721724065e-14,1.79705853949973e-12,1.2909981205606e-12,7.79729597612226e-15,7.87817144166669e-18,2.76982435430375e-20,3.17172764303291e-23,9.31117161342679e-22,8.63702389825323e-20,4.97714007727199e-18,2.84337742579e-13,9.84861829002756e-13,1.80455441052646e-06,1.87784727705842e-06,0.000155750961382133,0.999059241832315,8.92873968289835e-05,4.31518767665014e-06,0.000526462270366279,4.77748927823982e-07,0.000159870919041808,9.05891596099342e-07,5.34258080178889e-09,1.12608012249832e-11,1.20342019872927e-11,1.99115321549931e-11
5.203826996291e-22,1.96941654836086e-25,2.61695556541752e-27,3.23590274532797e-31,9.74284655092186e-29,1.55582131208223e-33,3.21162334850191e-30,1.03392341737458e-26,1.24556937168533e-23,1.54104594013126e-23,8.62759036635679e-26,2.09052635745098e-27,1.49171082514454e-28,2.00249757929461e-26,1.13928544221071e-22,5.17222387527525e-20,1.29056846364391e-23,3.16233792630934e-20,2.34290682173246e-18,2.14886758297185e-16,2.49256245457292e-16,1.33032930186362e-18,1.9149916058971e-21,1.17962440020575e-23,1.86498050444564e-26,1.08428873114729e-24,4.14086346570016e-23,2.45863759217631e-21,4.20440661296788e-17,4.49178984750375e-16,3.26785788519205e-08,2.30138460468276e-05,0.0606350924536712,8.39110193158332e-05,0.938901595480723,1.69976523687646e-05,3.93447912355204e-05,2.38921410694054e-06,0.000296448033717612,1.16687497175151e-06,7.88005131220828e-09,4.59089144459871e-11,1.66742798699819e-11,1.26282947682464e-11
6.77194632228982e-21,1.40780289570473e-24,2.29415661859166e-26,4.58853200344121e-30,2.61228799267582e-27,2.73542185200336e-32,6.89558016937933e-29,1.39587689237589e-25,2.82022776208937e-22,9.44043042714058e-22,2.68191473460005e-24,2.90632104347413e-25,9.46108168750681e-26,1.5376995906685e-23,2.30477680294688e-19,1.41217380985182e-17,1.20149157949787e-21,8.77255762483403e-19,3.15282465151374e-17,7.3805418766767e-15,3.33701436920344e-14,1.71961540742395e-16,7.00518101470126e-19,1.32093419802084e-20,3.74881554972084e-23,4.56242941674133e-21,5.37892482849144e-20,3.00091527824967e-18,3.12755203516561e-15,2.94364874141666e-13,0.00012689063439548,0.158389213420262,0.000194346375520969,3.03415986208887e-06,1.27174159941851e-05,0.702473606841995,0.00333823307043683,0.0733588220235256,0.0164561992356011,0.0453356834541279,0.000309022654132859,1.11526959507708e-06,6.00097750310423e-07,5.1534646245336e-07
7.70738686757039e-19,1.83914381555362e-22,2.78860563916419e-24,4.70591729269952e-28,2.20596918664278e-25,2.58639402728815e-30,6.21972584622427e-27,1.49934520006844e-23,2.63909473131053e-20,6.13747311403287e-20,2.201405613007e-22,1.28592846929936e-23,1.90403098591407e-24,2.79920131187174e-22,2.25764201765917e-18,4.87326276673222e-16,6.56640728201353e-20,8.00011321335949e-17,3.74939975203144e-15,6.72137654510262e-13,1.74774705724118e-12,8.72465611278378e-15,2.03354508835395e-17,1.93444054163739e-19,3.61882387022424e-22,2.48446938425653e-20,7.16871974195746e-19,4.22867501518879e-17,2.07927327525719e-13,6.63535659097218e-12,0.000735603691433648,0.00131650094987067,0.000442085175304807,0.000497442525491874,3.95579764060339e-05,0.00448594084542606,0.943988924462337,0.000619198461059967,0.0463089111532694,0.00155618705804772,9.57556147527347e-06,2.0023675190968e-08,2.0909949320282e-08,3.11969768056721e-08
2.75095492817276e-21,5.30677404419588e-25,9.14090376472724e-27,2.06757923983043e-30,1.31659529497939e-27,1.3055887487342e-32,3.35654158225708e-29,6.01617602309099e-26,1.30547677426871e-22,5.39195831371822e-22,1.35759715088708e-24,2.09011979155816e-25,1.0136471023217e-25,1.70468710218151e-23,3.27306934870001e-19,1.08764841657168e-17,7.54892316679007e-22,4.03187577156331e-19,1.21421514220161e-17,3.26428872609342e-15,1.9806565019968e-14,1.07244088974189e-16,5.96424873070698e-19,1.58381325454978e-20,5.53749981769603e-23,8.48465190314848e-21,6.69526762958913e-20,3.57429843187779e-18,1.65992705652845e-15,2.59964039323174e-13,0.000100707648105301,0.0734606791216575,2.77347678990542e-05,3.55865539664581e-07,1.89370553628351e-06,0.0777140948041232,0.000488135535733053,0.744179077221359,0.00182091047610025,0.0997821014770349,0.00240440915996295,1.09895360051627e-05,5.15060867393844e-06,3.76007198533529e-06
3.73789912211624e-20,9.13626791282288e-24,1.36960957587329e-25,2.26628475192412e-29,1.04929069128931e-26,1.23802736344532e-31,2.96705821810837e-28,7.24281703423954e-25,1.25943857757764e-21,2.92500522988412e-21,1.04604281927849e-23,6.29778694620582e-25,1.05759564305276e-25,1.59364667897724e-23,1.51635027389936e-19,2.48730530151164e-17,3.16135026970374e-21,3.80893730322549e-18,1.82227049006994e-16,3.19545650776726e-14,8.51263697489067e-14,4.24714181414827e-16,1.06500056261054e-18,1.16522875479515e-20,2.41527492609195e-23,1.98061182406641e-21,4.4273880340249e-20,2.58900975348411e-18,9.93011054663542e-15,3.7206568382893e-13,7.97895303223472e-05,0.0107324799022371,0.00419402994203252,0.000146217810021067,0.000288503138521034,0.0214053123767444,0.0448249398864371,0.00223580119509264,0.913738754349858,0.00234217744930958,1.1913282399715e-05,3.53400445437661e-08,2.24232473338748e-08,2.33732328674372e-08
2.06048469840466e-20,3.89767354077907e-24,6.832876857683e-26,1.59601227183332e-29,1.0374712713697e-26,1.0201914263249e-31,2.63018790254548e-28,4.58925340884204e-25,1.01046513342152e-21,4.3165427183863e-21,1.06957159422917e-23,1.69788843674739e-24,8.00333319275744e-25,1.3394690215082e-22,2.44356342188551e-18,8.8356367731234e-17,6.09659025568299e-21,3.10896121940801e-18,8.91779513825199e-17,2.4841325262515e-14,1.58699694523844e-13,8.64435225183075e-16,4.8292289116028e-18,1.22840232381573e-19,4.08167414653113e-22,5.80033270519836e-20,5.15518413450814e-19,2.77905881182676e-17,1.31127352808752e-14,2.10369662456235e-12,0.000812304297252113,0.0199773789430989,1.55634576511844e-05,7.35079463267268e-07,1.00751970346393e-06,0.0523190025918359,0.00133642379838314,0.108698735286109,0.00207800721267141,0.810679704305113,0.00405563960666282,9.91001828024847e-06,7.67735086242038e-06,7.91053061124802e-06
4.97337384565373e-21,8.37115620321907e-25,1.73174985524615e-26,5.75667425569776e-30,4.78252402196327e-27,4.34291830522758e-32,1.13439652568023e-28,1.39923112894243e-25,3.47401315636315e-22,2.46869209461795e-21,4.76429981547193e-24,1.82352304209459e-24,2.27910934274002e-24,4.0087210737263e-22,1.22886906162027e-17,9.44034706080187e-17,4.40033134651029e-21,9.65708391716359e-19,1.70611487821265e-17,6.0864086028653e-15,7.74229621194246e-14,5.28128086923942e-16,6.87105535296463e-18,4.2098539364731e-19,2.4202068349832e-21,5.7651935402766e-19,1.9093381543839e-18,8.84907210882753e-17,5.1106047462335e-15,2.59500092630853e-12,0.000127868090263673,0.000316369072074981,1.23681241336659e-07,5.27106902259963e-09,8.27271025919186e-09,0.000433609862958528,9.99853095501146e-06,0.00318470906326555,1.28513347818124e-05,0.00493115780429206,0.985686584206812,0.00190286292581985,0.0018551342408986,0.0015387176401731
5.01088502348913e-23,8.18229767693734e-27,1.98275137259201e-28,9.30958660007633e-32,9.26902941691158e-29,8.33972094011348e-34,2.11793843862178e-30,1.8475535981609e-27,4.79044809608956e-24,5.2117425468208e-23,8.52192842481979e-26,7.51162708538109e-26,2.60805449362055e-25,4.56192290885328e-23,2.13064056573273e-18,3.05378626180205e-18,1.14211379774927e-22,1.1305751989901e-20,1.32698968117141e-19,5.25453376537103e-17,1.0888173463691e-15,9.94994568518729e-18,3.08041441356541e-19,5.01868716483336e-20,5.93466004251775e-22,2.45978374779157e-19,2.4165075248516e-19,8.74673942672975e-18,6.33727359904706e-17,7.37666822771356e-14,3.54753860223968e-07,1.71592835178673e-06,6.10525231910469e-10,1.06000645531555e-11,4.59840698206026e-11,1.49307048377585e-06,1.99483671249242e-08,1.38877650299528e-05,3.63726971753637e-08,1.14962345139357e-05,0.00181551197731694,0.940438628146099,0.0510041193383419,0.00671273579775404
4.60132643096895e-22,7.54130003724086e-26,1.95340341081569e-27,1.03952712397926e-30,1.08389752265338e-27,9.83182268884368e-33,2.46025222732249e-29,1.90973982637413e-26,4.96395202884835e-23,6.12689701780664e-22,9.65416024830473e-25,1.03890414559273e-24,4.14110589660559e-24,7.21728179308688e-22,3.45512091389865e-17,3.90227688788887e-17,1.41508275800134e-21,1.08623584746783e-19,1.06657318095575e-18,4.32947061573815e-16,1.072791736778e-14,1.09894357228339e-16,4.23561289740989e-18,7.92947266013063e-19,9.81451670387448e-21,4.08373271892816e-18,3.83309891665816e-18,1.3470874954897e-16,6.04388830412633e-16,8.7954325775703e-13,1.03107102938973e-06,6.12587336978723e-07,2.1863320016747e-10,1.02092941677646e-11,1.50520853500682e-11,7.24038482742945e-07,1.8773953764817e-08,5.86611755677436e-06,2.07991757646213e-08,8.02660240674403e-06,0.00159516700696815,0.0459668196223258,0.847558458937299,0.104863254198678
3.3999478277393e-21,5.59668286269527e-25,1.49098731018521e-26,8.31098224624796e-30,8.78565753181882e-27,7.99525127378203e-32,1.99089772955172e-28,1.48415522801654e-25,3.85502662239004e-22,4.96636443906866e-21,7.74245262089639e-24,8.72768037833127e-24,3.41649662024722e-23,5.96709380041227e-21,2.80229014212288e-16,3.23022519975813e-16,1.16396539776322e-20,8.16428576351328e-19,7.38410454177379e-18,3.01807283626252e-15,8.09590195304257e-14,8.69960240823631e-16,3.55438229144207e-17,6.56132813523466e-18,7.67991410151252e-20,3.01999793490519e-17,3.16488338317218e-17,1.12611169749336e-15,4.50674506386816e-15,7.12108664364082e-12,3.31992977313066e-06,4.42507947214942e-07,1.79818139249744e-10,1.75993728771990e-11,1.18770446313609e-11,6.47818046982258e-07,2.91829617613794e-08,4.46172150618402e-06,2.25881413042553e-08,8.61668208799031e-06,0.00137849070482007,0.00630308044586712,0.109254019355059,0.883046868847283
